{
    "info": {
        "parameters": "convolution parameters: image size: 5000 x 5000, kernel size: 15, num iterations: 10",
        "processor": {
            "affinity": "0,1,2,3",
            "name": "Intel(R) Core(TM) i5-6300U CPU @ 2.40GHz (skylake)",
            "num_hw_threads": 4,
            "num_numa_nodes": 1,
            "num_sockets": 1,
            "num_threads_in_use": 4
        }
    },
    "region_results": {
        "convolution": {
            "arithmetic_mean": {
                "DP [MFLOP/s]": 0.07203494703706957,
                "L2 bandwidth [MBytes/s]": 119.81083281406802,
                "L2 data volume [GBytes]": 0.22835265600000001,
                "L2D evict bandwidth [MBytes/s]": 22.453919835658173,
                "L2D evict data volume [GBytes]": 0.04279598400000001,
                "L2D load bandwidth [MBytes/s]": 84.11964994741874,
                "L2D load data volume [GBytes]": 0.16032728000000002,
                "L3 bandwidth [MBytes/s]": 115.74230512824825,
                "L3 data volume [GBytes]": 0.4461664,
                "L3 evict bandwidth [MBytes/s]": 34.53329961731232,
                "L3 evict data volume [GBytes]": 0.13311955200000003,
                "L3 load bandwidth [MBytes/s]": 81.20900551093592,
                "L3 load data volume [GBytes]": 0.31304684800000004,
                "Memory bandwidth [MBytes/s]": 307.4996081380281,
                "Memory data volume [GBytes]": 1.2202304000000002,
                "Memory evict bandwidth [MBytes/s]": 119.61931680440216,
                "Memory evict data volume [GBytes]": 0.47467744,
                "Memory load bandwidth [MBytes/s]": 187.880291333626,
                "Memory load data volume [GBytes]": 0.74555296,
                "Port0 usage ratio": 0.06270570890114484,
                "Port1 usage ratio": 0.0635498984411882,
                "Port2 usage ratio": 0.06798492108561133,
                "Port3 usage ratio": 0.06775172824328346,
                "Port4 usage ratio": 0.0007295283150559372,
                "Port5 usage ratio": 0.13156393816782258,
                "Port6 usage ratio": 0.12685957551646654,
                "Port7 usage ratio": 6.392856786563379e-05,
                "SP [MFLOP/s]": 1461.7340089906847
            },
            "geometric_mean": {
                "DP [MFLOP/s]": 0.009158607042128076,
                "L2 bandwidth [MBytes/s]": 110.93247818071482,
                "L2 data volume [GBytes]": 0.21143103559561582,
                "L2D evict bandwidth [MBytes/s]": 20.79455473662321,
                "L2D evict data volume [GBytes]": 0.03963324641095323,
                "L2D load bandwidth [MBytes/s]": 79.69172376132246,
                "L2D load data volume [GBytes]": 0.15188792281199878,
                "L3 bandwidth [MBytes/s]": 101.10145856693995,
                "L3 data volume [GBytes]": 0.3897365683245041,
                "L3 evict bandwidth [MBytes/s]": 29.49639437655846,
                "L3 evict data volume [GBytes]": 0.11370581280639619,
                "L3 load bandwidth [MBytes/s]": 71.56687009982224,
                "L3 load data volume [GBytes]": 0.2758835209084808,
                "Memory bandwidth [MBytes/s]": 0.0,
                "Memory data volume [GBytes]": 0.0,
                "Memory evict bandwidth [MBytes/s]": 0.0,
                "Memory evict data volume [GBytes]": 0.0,
                "Memory load bandwidth [MBytes/s]": 0.0,
                "Memory load data volume [GBytes]": 0.0,
                "Port0 usage ratio": 0.05440821278663532,
                "Port1 usage ratio": 0.05519579770991467,
                "Port2 usage ratio": 0.05896025686105448,
                "Port3 usage ratio": 0.05882748791075301,
                "Port4 usage ratio": 0.0006690096512003424,
                "Port5 usage ratio": 0.11411450837796511,
                "Port6 usage ratio": 0.11002022788740756,
                "Port7 usage ratio": 5.823773562380623e-06,
                "SP [MFLOP/s]": 1461.733891041579
            },
            "saturation": {
                "Saturation FLOPS DP": 3.146191698248922e-06,
                "Saturation FLOPS SP": 0.03184639833093384,
                "Saturation L2 read bandwidth": 0.0019544287095066637,
                "Saturation L2 read/write bandwidth": 0.0022388174686836316,
                "Saturation L2 write bandwidth": 0.000820925530484135,
                "Saturation L3 read bandwidth": 0.003446188396080998,
                "Saturation L3 read/write bandwidth": 0.0036446180145095195,
                "Saturation L3 write bandwidth": 0.002169337861687879,
                "Saturation Memory read bandwidth": 0.03195141429332015,
                "Saturation Memory read/write bandwidth": 0.05080921191377184,
                "Saturation Memory write bandwidth": 0.03934565354923285
            },
            "sum": {
                "DP [MFLOP/s]": 0.2881397881482783,
                "L2 bandwidth [MBytes/s]": 479.2433312562721,
                "L2 data volume [GBytes]": 0.9134106240000001,
                "L2D evict bandwidth [MBytes/s]": 89.81567934263269,
                "L2D evict data volume [GBytes]": 0.17118393600000004,
                "L2D load bandwidth [MBytes/s]": 336.47859978967494,
                "L2D load data volume [GBytes]": 0.6413091200000001,
                "L3 bandwidth [MBytes/s]": 462.969220512993,
                "L3 data volume [GBytes]": 1.7846656,
                "L3 evict bandwidth [MBytes/s]": 138.1331984692493,
                "L3 evict data volume [GBytes]": 0.5324782080000001,
                "L3 load bandwidth [MBytes/s]": 324.8360220437437,
                "L3 load data volume [GBytes]": 1.2521873920000002,
                "Memory bandwidth [MBytes/s]": 1229.9984325521125,
                "Memory data volume [GBytes]": 4.880921600000001,
                "Memory evict bandwidth [MBytes/s]": 478.47726721760864,
                "Memory evict data volume [GBytes]": 1.89870976,
                "Memory load bandwidth [MBytes/s]": 751.521165334504,
                "Memory load data volume [GBytes]": 2.98221184,
                "Port0 usage ratio": 0.25082283560457935,
                "Port1 usage ratio": 0.2541995937647528,
                "Port2 usage ratio": 0.2719396843424453,
                "Port3 usage ratio": 0.27100691297313384,
                "Port4 usage ratio": 0.0029181132602237488,
                "Port5 usage ratio": 0.5262557526712903,
                "Port6 usage ratio": 0.5074383020658662,
                "Port7 usage ratio": 0.00025571427146253516,
                "SP [MFLOP/s]": 5846.936035962739
            },
            "thread_0": {
                "DP [MFLOP/s]": 0.22900892437290743,
                "L2 bandwidth [MBytes/s]": 85.5229758978301,
                "L2 data volume [GBytes]": 0.16299353600000002,
                "L2D evict bandwidth [MBytes/s]": 14.05290356770881,
                "L2D evict data volume [GBytes]": 0.026782656000000002,
                "L2D load bandwidth [MBytes/s]": 65.0696861497131,
                "L2D load data volume [GBytes]": 0.12401273600000001,
                "L3 bandwidth [MBytes/s]": 64.12129387325653,
                "L3 data volume [GBytes]": 0.247185536,
                "L3 evict bandwidth [MBytes/s]": 18.375042283100665,
                "L3 evict data volume [GBytes]": 0.0708352,
                "L3 load bandwidth [MBytes/s]": 45.74625159015587,
                "L3 load data volume [GBytes]": 0.17635033600000002,
                "Memory bandwidth [MBytes/s]": 1229.9984325521125,
                "Memory data volume [GBytes]": 4.880921600000001,
                "Memory evict bandwidth [MBytes/s]": 478.47726721760864,
                "Memory evict data volume [GBytes]": 1.89870976,
                "Memory load bandwidth [MBytes/s]": 751.521165334504,
                "Memory load data volume [GBytes]": 2.98221184,
                "Port0 usage ratio": 0.12022734143241923,