{
    "info": {
        "parameters": "convolution parameters: image size: 20000 x 20000, kernel size: 3, num iterations: 10",
        "processor": {
            "affinity": "0,1,2,3",
            "name": "Intel(R) Core(TM) i5-6300U CPU @ 2.40GHz (skylake)",
            "num_hw_threads": 4,
            "num_numa_nodes": 1,
            "num_sockets": 1,
            "num_threads_in_use": 4
        }
    },
    "region_results": {
        "convolution": {
            "arithmetic_mean": {
                "DP [MFLOP/s]": 0.01713274451703781,
                "L2 bandwidth [MBytes/s]": 601.5718269087888,
                "L2 data volume [GBytes]": 0.979186352,
                "L2D evict bandwidth [MBytes/s]": 256.26861442855596,
                "L2D evict data volume [GBytes]": 0.41713161600000004,
                "L2D load bandwidth [MBytes/s]": 329.0218872408484,
                "L2D load data volume [GBytes]": 0.5355532000000001,
                "L3 bandwidth [MBytes/s]": 581.2208847958669,
                "L3 data volume [GBytes]": 1.87736288,
                "L3 evict bandwidth [MBytes/s]": 269.2050609066931,
                "L3 evict data volume [GBytes]": 0.8695419200000001,
                "L3 load bandwidth [MBytes/s]": 312.01582388917376,
                "L3 load data volume [GBytes]": 1.0078209599999999,
                "Memory bandwidth [MBytes/s]": 499.0520076644285,
                "Memory data volume [GBytes]": 1.785652,
                "Memory evict bandwidth [MBytes/s]": 263.5068561757005,
                "Memory evict data volume [GBytes]": 0.94285072,
                "Memory load bandwidth [MBytes/s]": 235.545151488728,
                "Memory load data volume [GBytes]": 0.8428012800000001,
                "Port0 usage ratio": 0.07256004332379308,
                "Port1 usage ratio": 0.07799089092353183,
                "Port2 usage ratio": 0.08170205985487429,
                "Port3 usage ratio": 0.08114826973994763,
                "Port4 usage ratio": 0.006463497949803789,
                "Port5 usage ratio": 0.08574865057914915,
                "Port6 usage ratio": 0.1140119645301059,
                "Port7 usage ratio": 0.0003858493465897521,
                "SP [MFLOP/s]": 1115.0519707930612
            },
            "geometric_mean": {
                "DP [MFLOP/s]": 0.000994201850613186,
                "L2 bandwidth [MBytes/s]": 595.695772034736,
                "L2 data volume [GBytes]": 0.969620410553454,
                "L2D evict bandwidth [MBytes/s]": 255.76993443159603,
                "L2D evict data volume [GBytes]": 0.41631947123561736,
                "L2D load bandwidth [MBytes/s]": 325.05232660984797,
                "L2D load data volume [GBytes]": 0.5290911656166962,
                "L3 bandwidth [MBytes/s]": 578.8410241483632,
                "L3 data volume [GBytes]": 1.8696800937409108,
                "L3 evict bandwidth [MBytes/s]": 268.61053036390393,
                "L3 evict data volume [GBytes]": 0.8676229580124861,
                "L3 load bandwidth [MBytes/s]": 310.08343624524616,
                "L3 load data volume [GBytes]": 1.0015821338846875,
                "Memory bandwidth [MBytes/s]": 0.0,
                "Memory data volume [GBytes]": 0.0,
                "Memory evict bandwidth [MBytes/s]": 0.0,
                "Memory evict data volume [GBytes]": 0.0,
                "Memory load bandwidth [MBytes/s]": 0.0,
                "Memory load data volume [GBytes]": 0.0,
                "Port0 usage ratio": 0.06303044456784701,
                "Port1 usage ratio": 0.0677325106748819,
                "Port2 usage ratio": 0.07100190084265627,
                "Port3 usage ratio": 0.07041020560821844,
                "Port4 usage ratio": 0.005439179107937617,
                "Port5 usage ratio": 0.0744272000037394,
                "Port6 usage ratio": 0.09867521653121605,
                "Port7 usage ratio": 2.5257878101939518e-05,
                "SP [MFLOP/s]": 1115.0519646205723
            },
            "saturation": {
                "Saturation FLOPS DP": 7.482881682412479e-07,
                "Saturation FLOPS SP": 0.024293331757457202,
                "Saturation L2 read bandwidth": 0.007644466220217679,
                "Saturation L2 read/write bandwidth": 0.011241133068838678,
                "Saturation L2 write bandwidth": 0.009369297200041862,
                "Saturation L3 read bandwidth": 0.013240715175803051,
                "Saturation L3 read/write bandwidth": 0.018302107468733803,
                "Saturation L3 write bandwidth": 0.016911118765208007,
                "Saturation Memory read bandwidth": 0.04005742521782132,
                "Saturation Memory read/write bandwidth": 0.08246007000449064,
                "Saturation Memory write bandwidth": 0.08667370578524394
            },
            "sum": {
                "DP [MFLOP/s]": 0.06853097806815124,
                "L2 bandwidth [MBytes/s]": 2406.2873076351552,
                "L2 data volume [GBytes]": 3.916745408,
                "L2D evict bandwidth [MBytes/s]": 1025.0744577142239,
                "L2D evict data volume [GBytes]": 1.6685264640000002,
                "L2D load bandwidth [MBytes/s]": 1316.0875489633936,
                "L2D load data volume [GBytes]": 2.1422128000000003,
                "L3 bandwidth [MBytes/s]": 2324.8835391834677,
                "L3 data volume [GBytes]": 7.50945152,
                "L3 evict bandwidth [MBytes/s]": 1076.8202436267725,
                "L3 evict data volume [GBytes]": 3.4781676800000003,
                "L3 load bandwidth [MBytes/s]": 1248.063295556695,
                "L3 load data volume [GBytes]": 4.0312838399999995,
                "Memory bandwidth [MBytes/s]": 1996.208030657714,
                "Memory data volume [GBytes]": 7.142608,
                "Memory evict bandwidth [MBytes/s]": 1054.027424702802,
                "Memory evict data volume [GBytes]": 3.77140288,
                "Memory load bandwidth [MBytes/s]": 942.180605954912,
                "Memory load data volume [GBytes]": 3.3712051200000004,
                "Port0 usage ratio": 0.2902401732951723,
                "Port1 usage ratio": 0.3119635636941273,
                "Port2 usage ratio": 0.32680823941949716,
                "Port3 usage ratio": 0.3245930789597905,
                "Port4 usage ratio": 0.025853991799215156,
                "Port5 usage ratio": 0.3429946023165966,
                "Port6 usage ratio": 0.4560478581204236,
                "Port7 usage ratio": 0.0015433973863590083,
                "SP [MFLOP/s]": 4460.207883172245
            },
            "thread_0": {
                "DP [MFLOP/s]": 0.05891638215717444,
                "L2 bandwidth [MBytes/s]": 578.1895986885922,
                "L2 data volume [GBytes]": 0.941040576,
                "L2D evict bandwidth [MBytes/s]": 248.35726521353382,
                "L2D evict data volume [GBytes]": 0.40421734400000003,
                "L2D load bandwidth [MBytes/s]": 317.39649193518653,
                "L2D load data volume [GBytes]": 0.5165831040000001,
                "L3 bandwidth [MBytes/s]": 637.9726681243501,
                "L3 data volume [GBytes]": 2.0605126400000002,
                "L3 evict bandwidth [MBytes/s]": 287.974655874607,
                "L3 evict data volume [GBytes]": 0.93009536,
                "L3 load bandwidth [MBytes/s]": 349.9980122497431,
                "L3 load data volume [GBytes]": 1.13041728,
                "Memory bandwidth [MBytes/s]": 1996.208030657714,
                "Memory data volume [GBytes]": 7.142608,
                "Memory evict bandwidth [MBytes/s]": 1054.027424702802,
                "Memory evict data volume [GBytes]": 3.77140288,
                "Memory load bandwidth [MBytes/s]": 942.180605954912,
                "Memory load data volume [GBytes]": 3.3712051200000004,
                "Port0 usage ratio": 0.13899711367448261,