{
  "architecture": {
    "num_ports_in_core": 8
  },
  "benchmark_results": {
    "mflops_sp": 183598.03125,
    "mflops_dp": 91583.672,
    "bw_r_l1 ": 0.0,
    "bw_r_l2 ": 172162.1187,
    "bw_r_l3 ": 94259.5077,
    "bw_r_ram": 23520.7488,
    "bw_w_l1 ": 0.0,
    "bw_w_l2 ": 109407.8277,
    "bw_w_l3 ": 63675.2813,
    "bw_w_ram": 12160.8669,
    "bw_rw_l1 ": 0.0,
    "bw_rw_l2 ": 214060.9152,
    "bw_rw_l3 ": 127028.1843,
    "bw_rw_ram": 24208.177734
  }
}
