{
    "info": {
        "parameters": "polynomial block params: n: 67108864, degree: 1, number of iterations: 800",
        "processor": {
            "affinity": "0,1,2,3",
            "name": "Intel(R) Core(TM) i5-6300U CPU @ 2.40GHz (skylake)",
            "num_hw_threads": 4,
            "num_numa_nodes": 1,
            "num_sockets": 1,
            "num_threads_in_use": 4
        }
    },
    "region_results": {
        "poly_block": {
            "arithmetic_mean": {
                "DP [MFLOP/s]": 0.001082066649521337,
                "L2 bandwidth [MBytes/s]": 4647.595752018984,
                "L2 data volume [GBytes]": 16.2877504,
                "L2D evict bandwidth [MBytes/s]": 1937.4731300120866,
                "L2D evict data volume [GBytes]": 6.7899792,
                "L2D load bandwidth [MBytes/s]": 2704.4766774726854,
                "L2D load data volume [GBytes]": 9.478011200000001,
                "L3 bandwidth [MBytes/s]": 5234.948888840519,
                "L3 data volume [GBytes]": 18.357763200000004,
                "L3 evict bandwidth [MBytes/s]": 1905.376454763457,
                "L3 evict data volume [GBytes]": 6.681699200000001,
                "L3 load bandwidth [MBytes/s]": 3329.572434077063,
                "L3 load data volume [GBytes]": 11.676064,
                "Memory bandwidth [MBytes/s]": 4156.741941667199,
                "Memory data volume [GBytes]": 14.962982400000001,
                "Memory evict bandwidth [MBytes/s]": 1968.270823320897,
                "Memory evict data volume [GBytes]": 7.0851648,
                "Memory load bandwidth [MBytes/s]": 2188.471118346302,
                "Memory load data volume [GBytes]": 7.8778176,
                "Port0 usage ratio": 0.029740675507959276,
                "Port1 usage ratio": 0.03191346530031109,
                "Port2 usage ratio": 0.10018271620727268,
                "Port3 usage ratio": 0.10189544941631683,
                "Port4 usage ratio": 0.15463544710164887,
                "Port5 usage ratio": 0.017523409258228206,
                "Port6 usage ratio": 0.03897142558268524,
                "Port7 usage ratio": 0.04732863738279479,
                "SP [MFLOP/s]": 3274.807999648191
            },
            "geometric_mean": {
                "DP [MFLOP/s]": 0.0008007853568650351,
                "L2 bandwidth [MBytes/s]": 4647.5903980880275,
                "L2 data volume [GBytes]": 16.287653509904555,
                "L2D evict bandwidth [MBytes/s]": 1937.4647380808644,
                "L2D evict data volume [GBytes]": 6.7899172772413925,
                "L2D load bandwidth [MBytes/s]": 2704.4713192666413,
                "L2D load data volume [GBytes]": 9.477920385112045,
                "L3 bandwidth [MBytes/s]": 5234.941631252621,
                "L3 data volume [GBytes]": 18.357637633686487,
                "L3 evict bandwidth [MBytes/s]": 1905.3722495894144,
                "L3 evict data volume [GBytes]": 6.6816663449359055,
                "L3 load bandwidth [MBytes/s]": 3329.5657814771303,
                "L3 load data volume [GBytes]": 11.67595866379388,
                "Memory bandwidth [MBytes/s]": 0.0,
                "Memory data volume [GBytes]": 0.0,
                "Memory evict bandwidth [MBytes/s]": 0.0,
                "Memory evict data volume [GBytes]": 0.0,
                "Memory load bandwidth [MBytes/s]": 0.0,
                "Memory load data volume [GBytes]": 0.0,
                "Port0 usage ratio": 0.02584219816688191,
                "Port1 usage ratio": 0.027722315973051973,
                "Port2 usage ratio": 0.08696413672422902,
                "Port3 usage ratio": 0.0884282427224657,
                "Port4 usage ratio": 0.1342174703236131,
                "Port5 usage ratio": 0.015209234775368835,
                "Port6 usage ratio": 0.03379079319244586,
                "Port7 usage ratio": 0.041012707617319455,
                "SP [MFLOP/s]": 3274.7889847798324
            },
            "saturation": {
                "Saturation FLOPS DP": 4.726024311400047e-08,
                "Saturation FLOPS SP": 0.07134734457340629,
                "Saturation L2 read bandwidth": 0.06283557844032618,
                "Saturation L2 read/write bandwidth": 0.08684622510843766,
                "Saturation L2 write bandwidth": 0.07083489959414956,
                "Saturation L3 read bandwidth": 0.14129386037959005,
                "Saturation L3 read/write bandwidth": 0.16484369310049454,
                "Saturation L3 write bandwidth": 0.11969332006764914,
                "Saturation Memory read bandwidth": 0.37217712871798997,
                "Saturation Memory read/write bandwidth": 0.6868326872476206,
                "Saturation Memory write bandwidth": 0.6474113376861997
            },
            "sum": {
                "DP [MFLOP/s]": 0.004328266598085348,
                "L2 bandwidth [MBytes/s]": 18590.383008075936,
                "L2 data volume [GBytes]": 65.1510016,
                "L2D evict bandwidth [MBytes/s]": 7749.892520048346,
                "L2D evict data volume [GBytes]": 27.1599168,
                "L2D load bandwidth [MBytes/s]": 10817.906709890742,
                "L2D load data volume [GBytes]": 37.912044800000004,
                "L3 bandwidth [MBytes/s]": 20939.795555362078,
                "L3 data volume [GBytes]": 73.43105280000002,
                "L3 evict bandwidth [MBytes/s]": 7621.505819053828,
                "L3 evict data volume [GBytes]": 26.726796800000002,
                "L3 load bandwidth [MBytes/s]": 13318.289736308252,
                "L3 load data volume [GBytes]": 46.704256,
                "Memory bandwidth [MBytes/s]": 16626.967766668797,
                "Memory data volume [GBytes]": 59.851929600000005,
                "Memory evict bandwidth [MBytes/s]": 7873.083293283588,
                "Memory evict data volume [GBytes]": 28.3406592,
                "Memory load bandwidth [MBytes/s]": 8753.884473385207,
                "Memory load data volume [GBytes]": 31.5112704,
                "Port0 usage ratio": 0.1189627020318371,
                "Port1 usage ratio": 0.12765386120124436,
                "Port2 usage ratio": 0.4007308648290907,
                "Port3 usage ratio": 0.4075817976652673,
                "Port4 usage ratio": 0.6185417884065955,
                "Port5 usage ratio": 0.07009363703291283,
                "Port6 usage ratio": 0.15588570233074095,
                "Port7 usage ratio": 0.18931454953117915,
                "SP [MFLOP/s]": 13099.231998592764
            },
            "thread_0": {
                "DP [MFLOP/s]": 0.000588939603132492,
                "L2 bandwidth [MBytes/s]": 4638.938688309568,
                "L2 data volume [GBytes]": 16.19838528,
                "L2D evict bandwidth [MBytes/s]": 1932.6100067872717,
                "L2D evict data volume [GBytes]": 6.7483456,
                "L2D load bandwidth [MBytes/s]": 2696.3860210835,
                "L2D load data volume [GBytes]": 9.4153216,
                "L3 bandwidth [MBytes/s]": 5222.269504764031,
                "L3 data volume [GBytes]": 18.2460352,
                "L3 evict bandwidth [MBytes/s]": 1903.2356485178411,
                "L3 evict data volume [GBytes]": 6.6496960000000005,
                "L3 load bandwidth [MBytes/s]": 3319.0338562461898,
                "L3 load data volume [GBytes]": 11.596339200000001,
                "Memory bandwidth [MBytes/s]": 16626.967766668797,
                "Memory data volume [GBytes]": 59.851929600000005,
                "Memory evict bandwidth [MBytes/s]": 7873.083293283588,
                "Memory evict data volume [GBytes]": 28.3406592,
                "Memory load bandwidth [MBytes/s]": 8753.884473385207,
                "Memory load data volume [GBytes]": 31.5112704,
                "Port0 usage ratio": 0.05678414667238483,
                "Port1 usage ratio": 0.06097498456286527,