{
    "info": {
        "parameters": "polynomial basic params: n: 67108864, degree: 1, number of iterations: 800"
    },
    "region_results": {
        "poly": {
            "arithmetic_mean": {
                "DP [MFLOP/s]": 0.014797325545979028,
                "L2 bandwidth [MBytes/s]": 1893.8561608770394,
                "L2 data volume [GBytes]": 67.090490144,
                "L2D evict bandwidth [MBytes/s]": 130.92505739274242,
                "L2D evict data volume [GBytes]": 4.6380865600000005,
                "L2D load bandwidth [MBytes/s]": 1745.1020884094119,
                "L2D load data volume [GBytes]": 61.8207824,
                "L3 bandwidth [MBytes/s]": 4505.6237730529065,
                "L3 data volume [GBytes]": 159.68924480000004,
                "L3 evict bandwidth [MBytes/s]": 136.04087064307873,
                "L3 evict data volume [GBytes]": 4.8215968,
                "L3 load bandwidth [MBytes/s]": 4369.582902409827,
                "L3 load data volume [GBytes]": 154.86764800000003,
                "Memory bandwidth [MBytes/s]": 500.0579711115932,
                "Memory data volume [GBytes]": 17.9127216,
                "Memory evict bandwidth [MBytes/s]": 220.63031230868572,
                "Memory evict data volume [GBytes]": 7.903262400000001,
                "Memory load bandwidth [MBytes/s]": 279.42765880290744,
                "Memory load data volume [GBytes]": 10.0094592,
                "Port0 usage ratio": 0.06559530535245298,
                "Port1 usage ratio": 0.07006988858363088,
                "Port2 usage ratio": 0.07480814324134974,
                "Port3 usage ratio": 0.07394754516166759,
                "Port4 usage ratio": 0.03957594847445561,
                "Port5 usage ratio": 0.07487153981490144,
                "Port6 usage ratio": 0.11083862647248362,
                "Port7 usage ratio": 0.007272710681738426,
                "SP [MFLOP/s]": 323.9736470640003
            },
            "geometric_mean": {
                "DP [MFLOP/s]": 0.009669652740060755,
                "L2 bandwidth [MBytes/s]": 1889.1723606066148,
                "L2 data volume [GBytes]": 66.9243178945745,
                "L2D evict bandwidth [MBytes/s]": 129.68328895951183,
                "L2D evict data volume [GBytes]": 4.594057078600022,
                "L2D load bandwidth [MBytes/s]": 1740.3921438679258,
                "L2D load data volume [GBytes]": 61.65374823715767,
                "L3 bandwidth [MBytes/s]": 4505.567145024779,
                "L3 data volume [GBytes]": 159.68722310197637,
                "L3 evict bandwidth [MBytes/s]": 134.83443863732418,
                "L3 evict data volume [GBytes]": 4.778829477279872,
                "L3 load bandwidth [MBytes/s]": 4369.566221902703,
                "L3 load data volume [GBytes]": 154.8670508453824,
                "Memory bandwidth [MBytes/s]": 0.0,
                "Memory data volume [GBytes]": 0.0,
                "Memory evict bandwidth [MBytes/s]": 0.0,
                "Memory evict data volume [GBytes]": 0.0,
                "Memory load bandwidth [MBytes/s]": 0.0,
                "Memory load data volume [GBytes]": 0.0,
                "Port0 usage ratio": 0.05658726301477821,
                "Port1 usage ratio": 0.06078435121898267,
                "Port2 usage ratio": 0.06468567046020207,
                "Port3 usage ratio": 0.06404246290611726,
                "Port4 usage ratio": 0.03424590864532457,
                "Port5 usage ratio": 0.06477427974146127,
                "Port6 usage ratio": 0.09594398769321852,
                "Port7 usage ratio": 0.006288445406737383,
                "SP [MFLOP/s]": 323.4636222275061,
                "Saturation FLOPS DP": 6.462866248112648e-07,
                "Saturation FLOPS SP": 0.0070583250780691656,
                "Saturation L2 bandwidth": 0.05043728875076628,
                "Saturation L3 bandwidth": 0.17505846945996442,
                "Saturation Memory bandwidth": 0.08262628878530143
            },
            "sum": {
                "DP [MFLOP/s]": 0.05918930218391611,
                "L2 bandwidth [MBytes/s]": 7575.424643508158,
                "L2 data volume [GBytes]": 268.361960576,
                "L2D evict bandwidth [MBytes/s]": 523.7002295709697,
                "L2D evict data volume [GBytes]": 18.552346240000002,
                "L2D load bandwidth [MBytes/s]": 6980.408353637647,
                "L2D load data volume [GBytes]": 247.2831296,
                "L3 bandwidth [MBytes/s]": 18022.495092211626,
                "L3 data volume [GBytes]": 638.7569792000002,
                "L3 evict bandwidth [MBytes/s]": 544.1634825723149,
                "L3 evict data volume [GBytes]": 19.2863872,
                "L3 load bandwidth [MBytes/s]": 17478.331609639306,
                "L3 load data volume [GBytes]": 619.4705920000001,
                "Memory bandwidth [MBytes/s]": 2000.2318844463728,
                "Memory data volume [GBytes]": 71.6508864,
                "Memory evict bandwidth [MBytes/s]": 882.5212492347429,
                "Memory evict data volume [GBytes]": 31.613049600000004,
                "Memory load bandwidth [MBytes/s]": 1117.7106352116298,
                "Memory load data volume [GBytes]": 40.0378368,
                "Port0 usage ratio": 0.2623812214098119,
                "Port1 usage ratio": 0.2802795543345235,
                "Port2 usage ratio": 0.29923257296539896,
                "Port3 usage ratio": 0.29579018064667034,
                "Port4 usage ratio": 0.15830379389782245,
                "Port5 usage ratio": 0.29948615925960576,
                "Port6 usage ratio": 0.44335450588993447,
                "Port7 usage ratio": 0.029090842726953704,
                "SP [MFLOP/s]": 1295.8945882560013
            },
            "thread_0": {
                "DP [MFLOP/s]": 0.004121124616115165,
                "L2 bandwidth [MBytes/s]": 2013.9792263651161,
                "L2 data volume [GBytes]": 71.34152851200001,
                "L2D evict bandwidth [MBytes/s]": 111.13279359244245,
                "L2D evict data volume [GBytes]": 3.9366758400000004,
                "L2D load bandwidth [MBytes/s]": 1889.784115876699,
                "L2D load data volume [GBytes]": 66.942144,
                "L3 bandwidth [MBytes/s]": 4469.296545839667,
                "L3 data volume [GBytes]": 158.39647296,
                "L3 evict bandwidth [MBytes/s]": 115.76167396940778,
                "L3 evict data volume [GBytes]": 4.10271296,
                "L3 load bandwidth [MBytes/s]": 4353.534871870259,
                "L3 load data volume [GBytes]": 154.29376000000002,
                "Memory bandwidth [MBytes/s]": 2000.2318844463728,
                "Memory data volume [GBytes]": 71.6508864,
                "Memory evict bandwidth [MBytes/s]": 882.5212492347429,
                "Memory evict data volume [GBytes]": 31.613049600000004,
                "Memory load bandwidth [MBytes/s]": 1117.7106352116298,
                "Memory load data volume [GBytes]": 40.0378368,
                "Port0 usage ratio": 0.12760922073013414,
                "Port1 usage ratio": 0.13493830953280875,
                "Port2 usage ratio": 0.14490782066530994,
                "Port3 usage ratio": 0.14282701833130507,
                "Port4 usage ratio": 0.07648469525011474,
                "Port5 usage ratio": 0.1448525134819086,
                "Port6 usage ratio": 0.21432524923190846,
                "Port7 usage ratio": 0.01405517277651035,
                "SP [MFLOP/s]": 343.1089279312384
            },
            "thread_1": {
                "DP [MFLOP/s]": 0.03227329990628295,
                "L2 bandwidth [MBytes/s]": 2039.2282131185436,
                "L2 data volume [GBytes]": 72.25109952000001,
                "L2D evict bandwidth [MBytes/s]": 151.968011840609,
                "L2D evict data volume [GBytes]": 5.38431936,