{
    "info": {
        "parameters": "polynomial block params: n: 67108864, degree: 1000, number of iterations: 80",
        "processor": {
            "affinity": "0,1,2,3",
            "name": "Intel(R) Core(TM) i5-6300U CPU @ 2.40GHz (skylake)",
            "num_hw_threads": 4,
            "num_numa_nodes": 1,
            "num_sockets": 1,
            "num_threads_in_use": 4
        }
    },
    "region_results": {
        "poly_block": {
            "arithmetic_mean": {
                "DP [MFLOP/s]": 0.0005798760486700338,
                "L2 bandwidth [MBytes/s]": 263.67140275824056,
                "L2 data volume [GBytes]": 4.62931624,
                "L2D evict bandwidth [MBytes/s]": 37.55581623780066,
                "L2D evict data volume [GBytes]": 0.65937312,
                "L2D load bandwidth [MBytes/s]": 223.11612565576922,
                "L2D load data volume [GBytes]": 3.91728112,
                "L3 bandwidth [MBytes/s]": 417.4497833686414,
                "L3 data volume [GBytes]": 8.00872776,
                "L3 evict bandwidth [MBytes/s]": 34.222255150074545,
                "L3 evict data volume [GBytes]": 0.6565501600000001,
                "L3 load bandwidth [MBytes/s]": 383.2275282185668,
                "L3 load data volume [GBytes]": 7.3521776,
                "Memory bandwidth [MBytes/s]": 134.57655852726495,
                "Memory data volume [GBytes]": 2.58879408,
                "Memory evict bandwidth [MBytes/s]": 55.908570074009994,
                "Memory evict data volume [GBytes]": 1.0754902400000002,
                "Memory load bandwidth [MBytes/s]": 78.66798845325498,
                "Memory load data volume [GBytes]": 1.51330384,
                "Port0 usage ratio": 0.14659069385135828,
                "Port1 usage ratio": 0.14681537048620283,
                "Port2 usage ratio": 0.07335807655569376,
                "Port3 usage ratio": 0.07551043571687119,
                "Port4 usage ratio": 0.030112292976272288,
                "Port5 usage ratio": 0.009573810112389924,
                "Port6 usage ratio": 0.01901824856215437,
                "Port7 usage ratio": 0.020240382683452508,
                "SP [MFLOP/s]": 31528.406360384837
            },
            "geometric_mean": {
                "DP [MFLOP/s]": 0.00012365405719547384,
                "L2 bandwidth [MBytes/s]": 263.6486013690453,
                "L2 data volume [GBytes]": 4.628914740497815,
                "L2D evict bandwidth [MBytes/s]": 37.54478910617772,
                "L2D evict data volume [GBytes]": 0.6591790239736598,
                "L2D load bandwidth [MBytes/s]": 223.1116895771689,
                "L2D load data volume [GBytes]": 3.917202607175998,
                "L3 bandwidth [MBytes/s]": 417.39741664016185,
                "L3 data volume [GBytes]": 8.007724561465354,
                "L3 evict bandwidth [MBytes/s]": 34.20428274901448,
                "L3 evict data volume [GBytes]": 0.6562054870423809,
                "L3 load bandwidth [MBytes/s]": 383.1877638550247,
                "L3 load data volume [GBytes]": 7.351416050857322,
                "Memory bandwidth [MBytes/s]": 0.0,
                "Memory data volume [GBytes]": 0.0,
                "Memory evict bandwidth [MBytes/s]": 0.0,
                "Memory evict data volume [GBytes]": 0.0,
                "Memory load bandwidth [MBytes/s]": 0.0,
                "Memory load data volume [GBytes]": 0.0,
                "Port0 usage ratio": 0.1271899251072679,
                "Port1 usage ratio": 0.1273704911520574,
                "Port2 usage ratio": 0.06362984684000599,
                "Port3 usage ratio": 0.06555957614835385,
                "Port4 usage ratio": 0.02614161865787197,
                "Port5 usage ratio": 0.008300725484731866,
                "Port6 usage ratio": 0.016484389363048677,
                "Port7 usage ratio": 0.017574569927990846,
                "SP [MFLOP/s]": 31528.3946250965
            },
            "saturation": {
                "Saturation FLOPS DP": 2.532661278143512e-08,
                "Saturation FLOPS SP": 0.6869007504215237,
                "Saturation L2 read bandwidth": 0.005183860867325359,
                "Saturation L2 read/write bandwidth": 0.004927034798293738,
                "Saturation L2 write bandwidth": 0.0013730577375100658,
                "Saturation L3 read bandwidth": 0.016262657724921668,
                "Saturation L3 read/write bandwidth": 0.01314510713202584,
                "Saturation L3 write bandwidth": 0.002149798444750461,
                "Saturation Memory read bandwidth": 0.013378484102032106,
                "Saturation Memory read/write bandwidth": 0.022236545022745705,
                "Saturation Memory write bandwidth": 0.018389665543417068
            },
            "sum": {
                "DP [MFLOP/s]": 0.0023195041946801353,
                "L2 bandwidth [MBytes/s]": 1054.6856110329622,
                "L2 data volume [GBytes]": 18.51726496,
                "L2D evict bandwidth [MBytes/s]": 150.22326495120265,
                "L2D evict data volume [GBytes]": 2.63749248,
                "L2D load bandwidth [MBytes/s]": 892.4645026230769,
                "L2D load data volume [GBytes]": 15.66912448,
                "L3 bandwidth [MBytes/s]": 1669.7991334745657,
                "L3 data volume [GBytes]": 32.03491104,
                "L3 evict bandwidth [MBytes/s]": 136.88902060029818,
                "L3 evict data volume [GBytes]": 2.6262006400000004,
                "L3 load bandwidth [MBytes/s]": 1532.9101128742673,
                "L3 load data volume [GBytes]": 29.4087104,
                "Memory bandwidth [MBytes/s]": 538.3062341090598,
                "Memory data volume [GBytes]": 10.35517632,
                "Memory evict bandwidth [MBytes/s]": 223.63428029603998,
                "Memory evict data volume [GBytes]": 4.301960960000001,
                "Memory load bandwidth [MBytes/s]": 314.6719538130199,
                "Memory load data volume [GBytes]": 6.05321536,
                "Port0 usage ratio": 0.5863627754054331,
                "Port1 usage ratio": 0.5872614819448113,
                "Port2 usage ratio": 0.29343230622277505,
                "Port3 usage ratio": 0.30204174286748475,
                "Port4 usage ratio": 0.12044917190508915,
                "Port5 usage ratio": 0.038295240449559696,
                "Port6 usage ratio": 0.07607299424861748,
                "Port7 usage ratio": 0.08096153073381003,
                "SP [MFLOP/s]": 126113.62544153935
            },
            "thread_0": {
                "DP [MFLOP/s]": 0.0012459588731682694,
                "L2 bandwidth [MBytes/s]": 264.5293281460933,
                "L2 data volume [GBytes]": 4.644050432,
                "L2D evict bandwidth [MBytes/s]": 37.08962570987531,
                "L2D evict data volume [GBytes]": 0.65114176,
                "L2D load bandwidth [MBytes/s]": 223.16368628210458,
                "L2D load data volume [GBytes]": 3.9178393600000003,
                "L3 bandwidth [MBytes/s]": 426.3544262491627,
                "L3 data volume [GBytes]": 8.179119360000001,
                "L3 evict bandwidth [MBytes/s]": 35.50599905649804,
                "L3 evict data volume [GBytes]": 0.68114176,
                "L3 load bandwidth [MBytes/s]": 390.84842719266464,
                "L3 load data volume [GBytes]": 7.4979776000000005,
                "Memory bandwidth [MBytes/s]": 538.3062341090598,
                "Memory data volume [GBytes]": 10.35517632,
                "Memory evict bandwidth [MBytes/s]": 223.63428029603998,
                "Memory evict data volume [GBytes]": 4.301960960000001,
                "Memory load bandwidth [MBytes/s]": 314.6719538130199,
                "Memory load data volume [GBytes]": 6.05321536,
                "Port0 usage ratio": 0.2813025113953274,
                "Port1 usage ratio": 0.2817663169313425,