{
    "info": {
        "parameters": "polynomial basic params: n: 67108864, degree: 100, number of iterations: 80"
    },
    "port_usage": {
        "all_regions": {
            "Port0 usage ratio": 0.09700393668371123,
            "Port1 usage ratio": 0.09918303564179862,
            "Port2 usage ratio": 0.05198990317283035,
            "Port3 usage ratio": 0.052574930741723765,
            "Port4 usage ratio": 0.0030442737860782282,
            "Port5 usage ratio": 0.07626859711641633,
            "Port6 usage ratio": 0.12576462321794923,
            "Port7 usage ratio": 0.00035349281547371076
        },
        "poly": {
            "Port0 usage ratio": 0.09700393668371123,
            "Port1 usage ratio": 0.09918303564179862,
            "Port2 usage ratio": 0.05198990317283035,
            "Port3 usage ratio": 0.052574930741723765,
            "Port4 usage ratio": 0.0030442737860782282,
            "Port5 usage ratio": 0.07626859711641633,
            "Port6 usage ratio": 0.12576462321794923,
            "Port7 usage ratio": 0.00035349281547371076
        }
    },
    "saturation": {
        "all_regions": {
            "DP [MFLOP/s]": 3.216895657219412e-07,
            "L2 bandwidth [MBytes/s]": 0.017247997962933585,
            "L3 bandwidth [MBytes/s]": 0.06838477304383558,
            "Memory bandwidth [MBytes/s]": 0.030802942445762815,
            "SP [MFLOP/s]": 0.03985713771972466
        },
        "poly": {
            "DP [MFLOP/s]": 3.216895657219412e-07,
            "L2 bandwidth [MBytes/s]": 0.017247997962933585,
            "L3 bandwidth [MBytes/s]": 0.06838477304383558,
            "Memory bandwidth [MBytes/s]": 0.030802942445762815,
            "SP [MFLOP/s]": 0.03985713771972466
        }
    }
}
