{
    "info": {
        "parameters": "polynomial basic params: n: 67108864, degree: 1000, number of iterations: 80",
        "processor": {
            "affinity": "0,1,2,3",
            "name": "Intel(R) Core(TM) i5-6300U CPU @ 2.40GHz (skylake)",
            "num_hw_threads": 4,
            "num_numa_nodes": 1,
            "num_sockets": 1,
            "num_threads_in_use": 4
        }
    },
    "region_results": {
        "poly": {
            "arithmetic_mean": {
                "DP [MFLOP/s]": 0.0005720826074011174,
                "L2 bandwidth [MBytes/s]": 1103.489616316458,
                "L2 data volume [GBytes]": 303.080903776,
                "L2D evict bandwidth [MBytes/s]": 1.9318499735832697,
                "L2D evict data volume [GBytes]": 0.5305954880000001,
                "L2D load bandwidth [MBytes/s]": 1098.0904919092627,
                "L2D load data volume [GBytes]": 301.598,
                "L3 bandwidth [MBytes/s]": 2195.328647826722,
                "L3 data volume [GBytes]": 657.9929566560002,
                "L3 evict bandwidth [MBytes/s]": 2.2788859217488726,
                "L3 evict data volume [GBytes]": 0.6830366560000001,
                "L3 load bandwidth [MBytes/s]": 2193.049761904973,
                "L3 load data volume [GBytes]": 657.30992,
                "Memory bandwidth [MBytes/s]": 0.0,
                "Memory data volume [GBytes]": 0.0,
                "Memory evict bandwidth [MBytes/s]": 18.523639026283515,
                "Memory evict data volume [GBytes]": 5.5553616,
                "Memory load bandwidth [MBytes/s]": 0.0,
                "Memory load data volume [GBytes]": 0.0,
                "Port0 usage ratio": 0.10294398584975353,
                "Port1 usage ratio": 0.10365314333418127,
                "Port2 usage ratio": 0.05252958531628864,
                "Port3 usage ratio": 0.05255061064089812,
                "Port4 usage ratio": 0.0003178844727550347,
                "Port5 usage ratio": 0.08059625654939089,
                "Port6 usage ratio": 0.1283654522017576,
                "Port7 usage ratio": 6.841873873716697e-05,
                "SP [MFLOP/s]": 2017.7145326972227
            },
            "geometric_mean": {
                "DP [MFLOP/s]": 3.960241059884103e-05,
                "L2 bandwidth [MBytes/s]": 1103.3549268777967,
                "L2 data volume [GBytes]": 303.04390589551804,
                "L2D evict bandwidth [MBytes/s]": 1.8935646935992534,
                "L2D evict data volume [GBytes]": 0.5200803719959489,
                "L2D load bandwidth [MBytes/s]": 1097.9384673210006,
                "L2D load data volume [GBytes]": 301.5562385817359,
                "L3 bandwidth [MBytes/s]": 2194.9605490865806,
                "L3 data volume [GBytes]": 657.8826299832249,
                "L3 evict bandwidth [MBytes/s]": 2.1180677350508144,
                "L3 evict data volume [GBytes]": 0.6348359985776117,
                "L3 load bandwidth [MBytes/s]": 2192.675351143482,
                "L3 load data volume [GBytes]": 657.1977010292792,
                "Memory bandwidth [MBytes/s]": 0.0,
                "Memory data volume [GBytes]": 0.0,
                "Memory evict bandwidth [MBytes/s]": 0.0,
                "Memory evict data volume [GBytes]": 0.0,
                "Memory load bandwidth [MBytes/s]": 0.0,
                "Memory load data volume [GBytes]": 0.0,
                "Port0 usage ratio": 0.08927542823380596,
                "Port1 usage ratio": 0.08995776251027476,
                "Port2 usage ratio": 0.04556296115297391,
                "Port3 usage ratio": 0.04558757094690223,
                "Port4 usage ratio": 0.0002701879266564921,
                "Port5 usage ratio": 0.06993403687502893,
                "Port6 usage ratio": 0.1113408421614902,
                "Port7 usage ratio": 5.6317337456646546e-05,
                "SP [MFLOP/s]": 2017.712399682386
            },
            "saturation": {
                "Saturation FLOPS DP": 2.4986227159877885e-08,
                "Saturation FLOPS SP": 0.04395939365928735,
                "Saturation L2 read bandwidth": 0.025512940013008384,
                "Saturation L2 read/write bandwidth": 0.020620103971351413,
                "Saturation L2 write bandwidth": 7.062931443538404e-05,
                "Saturation L3 read bandwidth": 0.09306434174332265,
                "Saturation L3 read/write bandwidth": 0.06912886631013992,
                "Saturation L3 write bandwidth": 0.00014315670866385833,
                "Saturation Memory read bandwidth": 0.0,
                "Saturation Memory read/write bandwidth": 0.0,
                "Saturation Memory write bandwidth": 0.0060928677998633935
            },
            "sum": {
                "DP [MFLOP/s]": 0.0022883304296044695,
                "L2 bandwidth [MBytes/s]": 4413.958465265832,
                "L2 data volume [GBytes]": 1212.323615104,
                "L2D evict bandwidth [MBytes/s]": 7.727399894333079,
                "L2D evict data volume [GBytes]": 2.1223819520000005,
                "L2D load bandwidth [MBytes/s]": 4392.361967637051,
                "L2D load data volume [GBytes]": 1206.392,
                "L3 bandwidth [MBytes/s]": 8781.314591306887,
                "L3 data volume [GBytes]": 2631.9718266240006,
                "L3 evict bandwidth [MBytes/s]": 9.11554368699549,
                "L3 evict data volume [GBytes]": 2.7321466240000003,
                "L3 load bandwidth [MBytes/s]": 8772.199047619892,
                "L3 load data volume [GBytes]": 2629.23968,
                "Memory bandwidth [MBytes/s]": 0.0,
                "Memory data volume [GBytes]": 0.0,
                "Memory evict bandwidth [MBytes/s]": 74.09455610513406,
                "Memory evict data volume [GBytes]": 22.2214464,
                "Memory load bandwidth [MBytes/s]": 0.0,
                "Memory load data volume [GBytes]": 0.0,
                "Port0 usage ratio": 0.41177594339901413,
                "Port1 usage ratio": 0.4146125733367251,
                "Port2 usage ratio": 0.21011834126515455,
                "Port3 usage ratio": 0.21020244256359247,
                "Port4 usage ratio": 0.0012715378910201388,
                "Port5 usage ratio": 0.32238502619756354,
                "Port6 usage ratio": 0.5134618088070304,
                "Port7 usage ratio": 0.0002736749549486679,
                "SP [MFLOP/s]": 8070.858130788891
            },
            "thread_0": {
                "DP [MFLOP/s]": 0.0018332474176960423,
                "L2 bandwidth [MBytes/s]": 1089.9382938632964,
                "L2 data volume [GBytes]": 299.357656064,
                "L2D evict bandwidth [MBytes/s]": 2.16041931786572,
                "L2D evict data volume [GBytes]": 0.5933712640000001,
                "L2D load bandwidth [MBytes/s]": 1079.707735797122,
                "L2D load data volume [GBytes]": 296.547776,
                "L3 bandwidth [MBytes/s]": 2158.026161828377,
                "L3 data volume [GBytes]": 646.8115859200001,
                "L3 evict bandwidth [MBytes/s]": 3.508517744843,
                "L3 evict data volume [GBytes]": 1.0515859200000002,
                "L3 load bandwidth [MBytes/s]": 2154.5176440835344,
                "L3 load data volume [GBytes]": 645.76,
                "Memory evict bandwidth [MBytes/s]": 74.09455610513406,
                "Memory evict data volume [GBytes]": 22.2214464,
                "Port0 usage ratio": 0.19764399582165998,
                "Port1 usage ratio": 0.19879592902772045,
                "Port2 usage ratio": 0.10085471321293028,
                "Port3 usage ratio": 0.10086117651975257,
                "Port4 usage ratio": 0.0006450223136487809,
                "Port5 usage ratio": 0.15460272370838965,
                "Port6 usage ratio": 0.24644801173038608,
                "Port7 usage ratio": 0.0001484276655122019,
                "SP [MFLOP/s]": 2013.2683792266112
            },