{
    "info": {
        "parameters": "polynomial block params: n: 67108864, degree: 1, number of iterations: 800"
    },
    "region_results": {
        "poly_block": {
            "arithmetic_mean": {
                "DP [MFLOP/s]": 0.01617783654060003,
                "L2 bandwidth [MBytes/s]": 4724.260805292682,
                "L2 data volume [GBytes]": 16.483136592,
                "L2D evict bandwidth [MBytes/s]": 1938.0142561077782,
                "L2D evict data volume [GBytes]": 6.761808,
                "L2D load bandwidth [MBytes/s]": 2767.0226341443586,
                "L2D load data volume [GBytes]": 9.6542496,
                "L3 bandwidth [MBytes/s]": 5353.188673962685,
                "L3 data volume [GBytes]": 18.7481856,
                "L3 evict bandwidth [MBytes/s]": 1910.2263215222408,
                "L3 evict data volume [GBytes]": 6.6900832,
                "L3 load bandwidth [MBytes/s]": 3442.962352440444,
                "L3 load data volume [GBytes]": 12.058102400000001,
                "Memory bandwidth [MBytes/s]": 4231.590654171135,
                "Memory data volume [GBytes]": 15.1434496,
                "Memory evict bandwidth [MBytes/s]": 1982.437031005408,
                "Memory evict data volume [GBytes]": 7.094480000000001,
                "Memory load bandwidth [MBytes/s]": 2249.153623165727,
                "Memory load data volume [GBytes]": 8.048969600000001,
                "Port0 usage ratio": 0.0541120944742246,
                "Port1 usage ratio": 0.04962342798015004,
                "Port2 usage ratio": 0.07204206875041455,
                "Port3 usage ratio": 0.07467674338846081,
                "Port4 usage ratio": 0.10991416625817257,
                "Port5 usage ratio": 0.05358208868374969,
                "Port6 usage ratio": 0.06131614379384798,
                "Port7 usage ratio": 0.04587620108340605,
                "SP [MFLOP/s]": 3281.441949112326
            },
            "geometric_mean": {
                "DP [MFLOP/s]": 0.005859791994125791,
                "L2 bandwidth [MBytes/s]": 4724.132107707677,
                "L2 data volume [GBytes]": 16.482671576229144,
                "L2D evict bandwidth [MBytes/s]": 1937.9816317417321,
                "L2D evict data volume [GBytes]": 6.761689560850067,
                "L2D load bandwidth [MBytes/s]": 2766.9968730492965,
                "L2D load data volume [GBytes]": 9.654154386689031,
                "L3 bandwidth [MBytes/s]": 5353.121713162683,
                "L3 data volume [GBytes]": 18.74794910078023,
                "L3 evict bandwidth [MBytes/s]": 1910.200437095302,
                "L3 evict data volume [GBytes]": 6.689991837639826,
                "L3 load bandwidth [MBytes/s]": 3442.914917824176,
                "L3 load data volume [GBytes]": 12.05793499500858,
                "Memory bandwidth [MBytes/s]": 0.0,
                "Memory data volume [GBytes]": 0.0,
                "Memory evict bandwidth [MBytes/s]": 0.0,
                "Memory evict data volume [GBytes]": 0.0,
                "Memory load bandwidth [MBytes/s]": 0.0,
                "Memory load data volume [GBytes]": 0.0,
                "Port0 usage ratio": 0.046945940611779945,
                "Port1 usage ratio": 0.04306435892743271,
                "Port2 usage ratio": 0.062439588120762786,
                "Port3 usage ratio": 0.06479546159506518,
                "Port4 usage ratio": 0.09530957504956618,
                "Port5 usage ratio": 0.046493822300754196,
                "Port6 usage ratio": 0.05320843192503125,
                "Port7 usage ratio": 0.039799700746104984,
                "SP [MFLOP/s]": 3281.434513790633,
                "Saturation FLOPS DP": 7.065816955965997e-07,
                "Saturation FLOPS SP": 0.07149187661264371,
                "Saturation L2 bandwidth": 0.12581679184132355,
                "Saturation L3 bandwidth": 0.20798918489356086,
                "Saturation Memory bandwidth": 0.6992001960002768
            },
            "sum": {
                "DP [MFLOP/s]": 0.06471134616240012,
                "L2 bandwidth [MBytes/s]": 18897.043221170727,
                "L2 data volume [GBytes]": 65.932546368,
                "L2D evict bandwidth [MBytes/s]": 7752.057024431113,
                "L2D evict data volume [GBytes]": 27.047232,
                "L2D load bandwidth [MBytes/s]": 11068.090536577434,
                "L2D load data volume [GBytes]": 38.6169984,
                "L3 bandwidth [MBytes/s]": 21412.75469585074,
                "L3 data volume [GBytes]": 74.9927424,
                "L3 evict bandwidth [MBytes/s]": 7640.905286088963,
                "L3 evict data volume [GBytes]": 26.7603328,
                "L3 load bandwidth [MBytes/s]": 13771.849409761777,
                "L3 load data volume [GBytes]": 48.232409600000004,
                "Memory bandwidth [MBytes/s]": 16926.36261668454,
                "Memory data volume [GBytes]": 60.5737984,
                "Memory evict bandwidth [MBytes/s]": 7929.748124021632,
                "Memory evict data volume [GBytes]": 28.377920000000003,
                "Memory load bandwidth [MBytes/s]": 8996.614492662908,
                "Memory load data volume [GBytes]": 32.195878400000005,
                "Port0 usage ratio": 0.2164483778968984,
                "Port1 usage ratio": 0.19849371192060017,
                "Port2 usage ratio": 0.2881682750016582,
                "Port3 usage ratio": 0.29870697355384324,
                "Port4 usage ratio": 0.4396566650326903,
                "Port5 usage ratio": 0.21432835473499876,
                "Port6 usage ratio": 0.2452645751753919,
                "Port7 usage ratio": 0.1835048043336242,
                "SP [MFLOP/s]": 13125.767796449303
            },
            "thread_0": {
                "DP [MFLOP/s]": 0.007116897749049505,
                "L2 bandwidth [MBytes/s]": 4695.22339717158,
                "L2 data volume [GBytes]": 16.380042752,
                "L2D evict bandwidth [MBytes/s]": 1931.1532992170921,
                "L2D evict data volume [GBytes]": 6.7371392000000005,
                "L2D load bandwidth [MBytes/s]": 2753.931322074572,
                "L2D load data volume [GBytes]": 9.607532800000001,
                "L3 bandwidth [MBytes/s]": 5323.973712043164,
                "L3 data volume [GBytes]": 18.64528,
                "L3 evict bandwidth [MBytes/s]": 1904.7995851674518,
                "L3 evict data volume [GBytes]": 6.6708672,
                "L3 load bandwidth [MBytes/s]": 3419.1741268757123,
                "L3 load data volume [GBytes]": 11.974412800000001,
                "Memory bandwidth [MBytes/s]": 16926.36261668454,
                "Memory data volume [GBytes]": 60.5737984,
                "Memory evict bandwidth [MBytes/s]": 7929.748124021632,
                "Memory evict data volume [GBytes]": 28.377920000000003,
                "Memory load bandwidth [MBytes/s]": 8996.614492662908,
                "Memory load data volume [GBytes]": 32.195878400000005,
                "Port0 usage ratio": 0.10372832132224286,
                "Port1 usage ratio": 0.09509645593278061,
                "Port2 usage ratio": 0.13849698464758348,
                "Port3 usage ratio": 0.1431746208966879,
                "Port4 usage ratio": 0.2109552244031974,
                "Port5 usage ratio": 0.10273649384063441,
                "Port6 usage ratio": 0.11771729712642216,
                "Port7 usage ratio": 0.08809460183045122,
                "SP [MFLOP/s]": 3272.514420300926
            },
            "thread_1": {
                "DP [MFLOP/s]": 0.0009142172474154712,
                "L2 bandwidth [MBytes/s]": 4719.220100765227,
                "L2 data volume [GBytes]": 16.464896448,
                "L2D evict bandwidth [MBytes/s]": 1941.9143329333986,
                "L2D evict data volume [GBytes]": 6.7751488,
                "L2D load bandwidth [MBytes/s]": 2768.6858501614547,