{
    "info": {
        "parameters": "polynomial basic params: n: 67108864, degree: 1, number of iterations: 800",
        "processor": {
            "affinity": "0,1,2,3",
            "name": "Intel(R) Core(TM) i5-6300U CPU @ 2.40GHz (skylake)",
            "num_hw_threads": 4,
            "num_numa_nodes": 1,
            "num_sockets": 1,
            "num_threads_in_use": 4
        }
    },
    "region_results": {
        "poly": {
            "arithmetic_mean": {
                "DP [MFLOP/s]": 0.002656994347149141,
                "L2 bandwidth [MBytes/s]": 1935.9515221687789,
                "L2 data volume [GBytes]": 67.403232864,
                "L2D evict bandwidth [MBytes/s]": 128.9991983666584,
                "L2D evict data volume [GBytes]": 4.4913342400000005,
                "L2D load bandwidth [MBytes/s]": 1802.9839180169722,
                "L2D load data volume [GBytes]": 62.77373920000001,
                "L3 bandwidth [MBytes/s]": 4645.829786748751,
                "L3 data volume [GBytes]": 161.79615328000003,
                "L3 evict bandwidth [MBytes/s]": 128.48793834625013,
                "L3 evict data volume [GBytes]": 4.47476128,
                "L3 load bandwidth [MBytes/s]": 4517.3418484025005,
                "L3 load data volume [GBytes]": 157.32139200000003,
                "Memory bandwidth [MBytes/s]": 516.7898322717368,
                "Memory data volume [GBytes]": 18.221089600000003,
                "Memory evict bandwidth [MBytes/s]": 242.4073818814449,
                "Memory evict data volume [GBytes]": 8.5468528,
                "Memory load bandwidth [MBytes/s]": 274.3824503902919,
                "Memory load data volume [GBytes]": 9.674236800000001,
                "Port0 usage ratio": 0.06749003759301807,
                "Port1 usage ratio": 0.0704422613275972,
                "Port2 usage ratio": 0.0740493903679686,
                "Port3 usage ratio": 0.07346704284287181,
                "Port4 usage ratio": 0.03731749920965757,
                "Port5 usage ratio": 0.07947443600838461,
                "Port6 usage ratio": 0.10871719355850845,
                "Port7 usage ratio": 0.005995641409261612,
                "SP [MFLOP/s]": 329.5209605381977
            },
            "geometric_mean": {
                "DP [MFLOP/s]": 0.0011268485603906234,
                "L2 bandwidth [MBytes/s]": 1931.3472206844651,
                "L2 data volume [GBytes]": 67.2430582697937,
                "L2D evict bandwidth [MBytes/s]": 127.8206673009545,
                "L2D evict data volume [GBytes]": 4.4502886313502605,
                "L2D load bandwidth [MBytes/s]": 1798.1183365519216,
                "L2D load data volume [GBytes]": 62.60447359532524,
                "L3 bandwidth [MBytes/s]": 4645.800651977792,
                "L3 data volume [GBytes]": 161.79505686986334,
                "L3 evict bandwidth [MBytes/s]": 127.36236084875516,
                "L3 evict data volume [GBytes]": 4.43553263694856,
                "L3 load bandwidth [MBytes/s]": 4517.333191589565,
                "L3 load data volume [GBytes]": 157.32103794040466,
                "Memory bandwidth [MBytes/s]": 0.0,
                "Memory data volume [GBytes]": 0.0,
                "Memory evict bandwidth [MBytes/s]": 0.0,
                "Memory evict data volume [GBytes]": 0.0,
                "Memory load bandwidth [MBytes/s]": 0.0,
                "Memory load data volume [GBytes]": 0.0,
                "Port0 usage ratio": 0.058340394238584926,
                "Port1 usage ratio": 0.06103705483553748,
                "Port2 usage ratio": 0.06407963902267122,
                "Port3 usage ratio": 0.06358308041874076,
                "Port4 usage ratio": 0.03224593029241362,
                "Port5 usage ratio": 0.0687701099793827,
                "Port6 usage ratio": 0.09404968019415777,
                "Port7 usage ratio": 0.005168932968267713,
                "SP [MFLOP/s]": 329.0196246706619
            },
            "saturation": {
                "Saturation FLOPS DP": 1.1604663987596384e-07,
                "Saturation FLOPS SP": 0.0071791828767379055,
                "Saturation L2 read bandwidth": 0.04189037322853612,
                "Saturation L2 read/write bandwidth": 0.03617571119868894,
                "Saturation L2 write bandwidth": 0.004716269414260741,
                "Saturation L3 read bandwidth": 0.19169808768313742,
                "Saturation L3 read/write bandwidth": 0.1462928780826303,
                "Saturation L3 write bandwidth": 0.008071448500826221,
                "Saturation Memory read bandwidth": 0.04666219796130111,
                "Saturation Memory read/write bandwidth": 0.08539095142843542,
                "Saturation Memory write bandwidth": 0.07973358417419849
            },
            "sum": {
                "DP [MFLOP/s]": 0.010627977388596563,
                "L2 bandwidth [MBytes/s]": 7743.8060886751155,
                "L2 data volume [GBytes]": 269.612931456,
                "L2D evict bandwidth [MBytes/s]": 515.9967934666336,
                "L2D evict data volume [GBytes]": 17.965336960000002,
                "L2D load bandwidth [MBytes/s]": 7211.935672067889,
                "L2D load data volume [GBytes]": 251.09495680000003,
                "L3 bandwidth [MBytes/s]": 18583.319146995003,
                "L3 data volume [GBytes]": 647.1846131200001,
                "L3 evict bandwidth [MBytes/s]": 513.9517533850005,
                "L3 evict data volume [GBytes]": 17.89904512,
                "L3 load bandwidth [MBytes/s]": 18069.367393610002,
                "L3 load data volume [GBytes]": 629.2855680000001,
                "Memory bandwidth [MBytes/s]": 2067.1593290869473,
                "Memory data volume [GBytes]": 72.88435840000001,
                "Memory evict bandwidth [MBytes/s]": 969.6295275257796,
                "Memory evict data volume [GBytes]": 34.1874112,
                "Memory load bandwidth [MBytes/s]": 1097.5298015611677,
                "Memory load data volume [GBytes]": 38.696947200000004,
                "Port0 usage ratio": 0.26996015037207227,
                "Port1 usage ratio": 0.2817690453103888,
                "Port2 usage ratio": 0.2961975614718744,
                "Port3 usage ratio": 0.29386817137148724,
                "Port4 usage ratio": 0.1492699968386303,
                "Port5 usage ratio": 0.31789774403353843,
                "Port6 usage ratio": 0.4348687742340338,
                "Port7 usage ratio": 0.023982565637046448,
                "SP [MFLOP/s]": 1318.0838421527908
            },
            "thread_0": {
                "DP [MFLOP/s]": 0.0025461296684858165,
                "L2 bandwidth [MBytes/s]": 2073.322614155566,
                "L2 data volume [GBytes]": 72.16954048000001,
                "L2D evict bandwidth [MBytes/s]": 111.91753771477427,
                "L2D evict data volume [GBytes]": 3.8956972800000003,
                "L2D load bandwidth [MBytes/s]": 1953.81744302564,
                "L2D load data volume [GBytes]": 68.00972800000001,
                "L3 bandwidth [MBytes/s]": 4620.33653812736,
                "L3 data volume [GBytes]": 160.85955776,
                "L3 evict bandwidth [MBytes/s]": 112.2304763245159,
                "L3 evict data volume [GBytes]": 3.9073657600000002,
                "L3 load bandwidth [MBytes/s]": 4508.106061802843,
                "L3 load data volume [GBytes]": 156.952192,
                "Memory bandwidth [MBytes/s]": 2067.1593290869473,
                "Memory data volume [GBytes]": 72.88435840000001,
                "Memory evict bandwidth [MBytes/s]": 969.6295275257796,
                "Memory evict data volume [GBytes]": 34.1874112,
                "Memory load bandwidth [MBytes/s]": 1097.5298015611677,
                "Memory load data volume [GBytes]": 38.696947200000004,
                "Port0 usage ratio": 0.1307563793584502,