{
    "info": {
        "parameters": "polynomial block params: n: 67108864, degree: 1000, number of iterations: 80"
    },
    "region_results": {
        "poly_block": {
            "arithmetic_mean": {
                "DP [MFLOP/s]": 0.015541914165582914,
                "L2 bandwidth [MBytes/s]": 80.54045800687175,
                "L2 data volume [GBytes]": 2.866372256,
                "L2D evict bandwidth [MBytes/s]": 22.884007126598878,
                "L2D evict data volume [GBytes]": 0.8144240000000001,
                "L2D load bandwidth [MBytes/s]": 40.504780305332005,
                "L2D load data volume [GBytes]": 1.4415336,
                "L3 bandwidth [MBytes/s]": 82.52306528407237,
                "L3 data volume [GBytes]": 3.2037355200000004,
                "L3 evict bandwidth [MBytes/s]": 23.38742999270715,
                "L3 evict data volume [GBytes]": 0.9079539200000001,
                "L3 load bandwidth [MBytes/s]": 59.13563529136521,
                "L3 load data volume [GBytes]": 2.2957816,
                "Memory bandwidth [MBytes/s]": 105.36760645852121,
                "Memory data volume [GBytes]": 4.06498848,
                "Memory evict bandwidth [MBytes/s]": 24.293761053585737,
                "Memory evict data volume [GBytes]": 0.93723168,
                "Memory load bandwidth [MBytes/s]": 81.07384540493545,
                "Memory load data volume [GBytes]": 3.1277568000000002,
                "Port0 usage ratio": 0.0636587020700024,
                "Port1 usage ratio": 0.06378581246100241,
                "Port2 usage ratio": 0.09054979531945348,
                "Port3 usage ratio": 0.09404608410920118,
                "Port4 usage ratio": 0.12332621171138725,
                "Port5 usage ratio": 0.006919498073054016,
                "Port6 usage ratio": 0.009753813072270582,
                "Port7 usage ratio": 0.06963360013060668,
                "SP [MFLOP/s]": 15616.317872764235
            },
            "geometric_mean": {
                "DP [MFLOP/s]": 0.002957812448770486,
                "L2 bandwidth [MBytes/s]": 76.12680245981858,
                "L2 data volume [GBytes]": 2.7092935206389184,
                "L2D evict bandwidth [MBytes/s]": 22.30387087157501,
                "L2D evict data volume [GBytes]": 0.7937773673000436,
                "L2D load bandwidth [MBytes/s]": 39.37544081424702,
                "L2D load data volume [GBytes]": 1.4013412257351614,
                "L3 bandwidth [MBytes/s]": 79.14152382822918,
                "L3 data volume [GBytes]": 3.072456178370402,
                "L3 evict bandwidth [MBytes/s]": 22.29565903741674,
                "L3 evict data volume [GBytes]": 0.8655688195874318,
                "L3 load bandwidth [MBytes/s]": 56.830012399356136,
                "L3 load data volume [GBytes]": 2.2062719324465045,
                "Memory bandwidth [MBytes/s]": 0.0,
                "Memory data volume [GBytes]": 0.0,
                "Memory evict bandwidth [MBytes/s]": 0.0,
                "Memory evict data volume [GBytes]": 0.0,
                "Memory load bandwidth [MBytes/s]": 0.0,
                "Memory load data volume [GBytes]": 0.0,
                "Port0 usage ratio": 0.055642293041912184,
                "Port1 usage ratio": 0.0557206700429822,
                "Port2 usage ratio": 0.07843960140238983,
                "Port3 usage ratio": 0.081467380789007,
                "Port4 usage ratio": 0.10685183732719504,
                "Port5 usage ratio": 0.006016721507972315,
                "Port6 usage ratio": 0.008436680736076091,
                "Port7 usage ratio": 0.060351581297110636,
                "SP [MFLOP/s]": 15616.186416995073,
                "Saturation FLOPS DP": 6.788072086384848e-07,
                "Saturation FLOPS SP": 0.34022843853919016,
                "Saturation L2 bandwidth": 0.0021449582183318207,
                "Saturation L3 bandwidth": 0.0032062955611551016,
                "Saturation Memory bandwidth": 0.01741024997662701
            },
            "sum": {
                "DP [MFLOP/s]": 0.062167656662331656,
                "L2 bandwidth [MBytes/s]": 322.161832027487,
                "L2 data volume [GBytes]": 11.465489024,
                "L2D evict bandwidth [MBytes/s]": 91.53602850639551,
                "L2D evict data volume [GBytes]": 3.2576960000000006,
                "L2D load bandwidth [MBytes/s]": 162.01912122132802,
                "L2D load data volume [GBytes]": 5.7661344,
                "L3 bandwidth [MBytes/s]": 330.0922611362895,
                "L3 data volume [GBytes]": 12.814942080000002,
                "L3 evict bandwidth [MBytes/s]": 93.5497199708286,
                "L3 evict data volume [GBytes]": 3.6318156800000003,
                "L3 load bandwidth [MBytes/s]": 236.54254116546085,
                "L3 load data volume [GBytes]": 9.1831264,
                "Memory bandwidth [MBytes/s]": 421.47042583408484,
                "Memory data volume [GBytes]": 16.25995392,
                "Memory evict bandwidth [MBytes/s]": 97.17504421434295,
                "Memory evict data volume [GBytes]": 3.74892672,
                "Memory load bandwidth [MBytes/s]": 324.2953816197418,
                "Memory load data volume [GBytes]": 12.511027200000001,
                "Port0 usage ratio": 0.2546348082800096,
                "Port1 usage ratio": 0.25514324984400966,
                "Port2 usage ratio": 0.3621991812778139,
                "Port3 usage ratio": 0.3761843364368047,
                "Port4 usage ratio": 0.493304846845549,
                "Port5 usage ratio": 0.027677992292216062,
                "Port6 usage ratio": 0.03901525228908233,
                "Port7 usage ratio": 0.27853440052242673,
                "SP [MFLOP/s]": 62465.27149105694
            },
            "thread_0": {
                "DP [MFLOP/s]": 0.0051276195847960206,
                "L2 bandwidth [MBytes/s]": 61.51354930328603,
                "L2 data volume [GBytes]": 2.189218624,
                "L2D evict bandwidth [MBytes/s]": 19.581449546084333,
                "L2D evict data volume [GBytes]": 0.69688832,
                "L2D load bandwidth [MBytes/s]": 33.161133950430475,
                "L2D load data volume [GBytes]": 1.18017856,
                "L3 bandwidth [MBytes/s]": 67.99188404393455,
                "L3 data volume [GBytes]": 2.6396006400000003,
                "L3 evict bandwidth [MBytes/s]": 18.599640567313262,
                "L3 evict data volume [GBytes]": 0.72208064,
                "L3 load bandwidth [MBytes/s]": 49.39224347662129,
                "L3 load data volume [GBytes]": 1.9175200000000001,
                "Memory bandwidth [MBytes/s]": 421.47042583408484,
                "Memory data volume [GBytes]": 16.25995392,
                "Memory evict bandwidth [MBytes/s]": 97.17504421434295,
                "Memory evict data volume [GBytes]": 3.74892672,
                "Memory load bandwidth [MBytes/s]": 324.2953816197418,
                "Memory load data volume [GBytes]": 12.511027200000001,
                "Port0 usage ratio": 0.11986134261231696,
                "Port1 usage ratio": 0.1202937996324054,
                "Port2 usage ratio": 0.174656344167216,
                "Port3 usage ratio": 0.18138430472897474,
                "Port4 usage ratio": 0.23778638522422374,
                "Port5 usage ratio": 0.013189050292457871,
                "Port6 usage ratio": 0.018656352156381853,
                "Port7 usage ratio": 0.13417242118602343,
                "SP [MFLOP/s]": 15669.386104944226
            },
            "thread_1": {
                "DP [MFLOP/s]": 0.05599095917502471,
                "L2 bandwidth [MBytes/s]": 132.04037738383212,
                "L2 data volume [GBytes]": 4.69921536,
                "L2D evict bandwidth [MBytes/s]": 32.47011975252063,
                "L2D evict data volume [GBytes]": 1.1555865600000002,