{
    "info": {
        "parameters": "polynomial basic params: n: 67108864, degree: 1000, number of iterations: 80"
    },
    "region_results": {
        "poly": {
            "arithmetic_mean": {
                "DP [MFLOP/s]": 0.00755989057089097,
                "L2 bandwidth [MBytes/s]": 117.33847056392452,
                "L2 data volume [GBytes]": 31.74201584,
                "L2D evict bandwidth [MBytes/s]": 6.949749719703072,
                "L2D evict data volume [GBytes]": 1.88002336,
                "L2D load bandwidth [MBytes/s]": 93.22234080188025,
                "L2D load data volume [GBytes]": 25.2182,
                "L3 bandwidth [MBytes/s]": 263.16594676797365,
                "L3 data volume [GBytes]": 78.06283584,
                "L3 evict bandwidth [MBytes/s]": 14.227152035012,
                "L3 evict data volume [GBytes]": 4.220195840000001,
                "L3 load bandwidth [MBytes/s]": 248.93879473296164,
                "L3 load data volume [GBytes]": 73.84264,
                "Memory bandwidth [MBytes/s]": 40.38788210130345,
                "Memory data volume [GBytes]": 11.878896000000001,
                "Memory evict bandwidth [MBytes/s]": 6.440042390817634,
                "Memory evict data volume [GBytes]": 1.8941472000000001,
                "Memory load bandwidth [MBytes/s]": 33.94783971048581,
                "Memory load data volume [GBytes]": 9.9847488,
                "Port0 usage ratio": 0.10640006014569527,
                "Port1 usage ratio": 0.1076298523848507,
                "Port2 usage ratio": 0.04723004763788493,
                "Port3 usage ratio": 0.05410598170775715,
                "Port4 usage ratio": 0.0005716804306430864,
                "Port5 usage ratio": 0.0685567219790733,
                "Port6 usage ratio": 0.13365015263045224,
                "Port7 usage ratio": 0.00013058230159914444,
                "SP [MFLOP/s]": 2056.2961903692963
            },
            "geometric_mean": {
                "DP [MFLOP/s]": 0.004177758246508645,
                "L2 bandwidth [MBytes/s]": 116.53539134847908,
                "L2 data volume [GBytes]": 31.524769500799117,
                "L2D evict bandwidth [MBytes/s]": 6.38221185218544,
                "L2D evict data volume [GBytes]": 1.7264948889540932,
                "L2D load bandwidth [MBytes/s]": 92.98271746267027,
                "L2D load data volume [GBytes]": 25.153377885033937,
                "L3 bandwidth [MBytes/s]": 262.86807964301147,
                "L3 data volume [GBytes]": 77.9744796040826,
                "L3 evict bandwidth [MBytes/s]": 13.665486681479312,
                "L3 evict data volume [GBytes]": 4.053589214681204,
                "L3 load bandwidth [MBytes/s]": 248.79527910801067,
                "L3 load data volume [GBytes]": 73.80006900322549,
                "Memory bandwidth [MBytes/s]": 0.0,
                "Memory data volume [GBytes]": 0.0,
                "Memory evict bandwidth [MBytes/s]": 0.0,
                "Memory evict data volume [GBytes]": 0.0,
                "Memory load bandwidth [MBytes/s]": 0.0,
                "Memory load data volume [GBytes]": 0.0,
                "Port0 usage ratio": 0.09234018187619954,
                "Port1 usage ratio": 0.09344794634801391,
                "Port2 usage ratio": 0.03954306829219062,
                "Port3 usage ratio": 0.04697161867418619,
                "Port4 usage ratio": 0.0005126514014751407,
                "Port5 usage ratio": 0.05564231039357531,
                "Port6 usage ratio": 0.11603858281471043,
                "Port7 usage ratio": 0.00010760346910975013,
                "SP [MFLOP/s]": 2056.293749639833,
                "Saturation FLOPS DP": 3.3018508282608516e-07,
                "Saturation FLOPS SP": 0.04479996166340801,
                "Saturation L2 bandwidth": 0.0031249650547194845,
                "Saturation L3 bandwidth": 0.010224872331932047,
                "Saturation Memory bandwidth": 0.0066734278877924255
            },
            "sum": {
                "DP [MFLOP/s]": 0.03023956228356388,
                "L2 bandwidth [MBytes/s]": 469.35388225569807,
                "L2 data volume [GBytes]": 126.96806336,
                "L2D evict bandwidth [MBytes/s]": 27.798998878812288,
                "L2D evict data volume [GBytes]": 7.52009344,
                "L2D load bandwidth [MBytes/s]": 372.889363207521,
                "L2D load data volume [GBytes]": 100.8728,
                "L3 bandwidth [MBytes/s]": 1052.6637870718946,
                "L3 data volume [GBytes]": 312.25134336,
                "L3 evict bandwidth [MBytes/s]": 56.908608140048,
                "L3 evict data volume [GBytes]": 16.880783360000002,
                "L3 load bandwidth [MBytes/s]": 995.7551789318466,
                "L3 load data volume [GBytes]": 295.37056,
                "Memory bandwidth [MBytes/s]": 161.5515284052138,
                "Memory data volume [GBytes]": 47.515584000000004,
                "Memory evict bandwidth [MBytes/s]": 25.760169563270537,
                "Memory evict data volume [GBytes]": 7.576588800000001,
                "Memory load bandwidth [MBytes/s]": 135.79135884194324,
                "Memory load data volume [GBytes]": 39.9389952,
                "Port0 usage ratio": 0.42560024058278106,
                "Port1 usage ratio": 0.4305194095394028,
                "Port2 usage ratio": 0.18892019055153972,
                "Port3 usage ratio": 0.2164239268310286,
                "Port4 usage ratio": 0.0022867217225723455,
                "Port5 usage ratio": 0.2742268879162932,
                "Port6 usage ratio": 0.534600610521809,
                "Port7 usage ratio": 0.0005223292063965778,
                "SP [MFLOP/s]": 8225.184761477185
            },
            "thread_0": {
                "DP [MFLOP/s]": 0.008429129169254894,
                "L2 bandwidth [MBytes/s]": 115.99453756459397,
                "L2 data volume [GBytes]": 31.378459520000003,
                "L2D evict bandwidth [MBytes/s]": 5.854711076987114,
                "L2D evict data volume [GBytes]": 1.58379712,
                "L2D load bandwidth [MBytes/s]": 94.83438471635945,
                "L2D load data volume [GBytes]": 25.654284800000003,
                "L3 bandwidth [MBytes/s]": 266.4844891796067,
                "L3 data volume [GBytes]": 79.04721408,
                "L3 evict bandwidth [MBytes/s]": 14.20647386286673,
                "L3 evict data volume [GBytes]": 4.214062080000001,
                "L3 load bandwidth [MBytes/s]": 252.27801531674,
                "L3 load data volume [GBytes]": 74.833152,
                "Memory bandwidth [MBytes/s]": 161.5515284052138,
                "Memory data volume [GBytes]": 47.515584000000004,
                "Memory evict bandwidth [MBytes/s]": 25.760169563270537,
                "Memory evict data volume [GBytes]": 7.576588800000001,
                "Memory load bandwidth [MBytes/s]": 135.79135884194324,
                "Memory load data volume [GBytes]": 39.9389952,
                "Port0 usage ratio": 0.2047981065097124,
                "Port1 usage ratio": 0.20704577249169304,
                "Port2 usage ratio": 0.09439741802185747,
                "Port3 usage ratio": 0.10415202120196179,
                "Port4 usage ratio": 0.001071607987632196,
                "Port5 usage ratio": 0.13104805545727485,
                "Port6 usage ratio": 0.2572049047439552,
                "Port7 usage ratio": 0.00028211358591306103,
                "SP [MFLOP/s]": 2052.1703081500013
            },
            "thread_1": {
                "DP [MFLOP/s]": 0.0021278084491641886,
                "L2 bandwidth [MBytes/s]": 111.72574085074969,
                "L2 data volume [GBytes]": 30.223678720000002,
                "L2D evict bandwidth [MBytes/s]": 5.328429335416261,
                "L2D evict data volume [GBytes]": 1.44142912,