{
    "info": {
        "parameters": "polynomial basic params: n: 67108864, degree: 1, number of iterations: 800"
    },
    "port_usage": {
        "all_regions": {
            "Port0 usage ratio": 0.07979648372331685,
            "Port1 usage ratio": 0.0857484125018646,
            "Port2 usage ratio": 0.09021852782342303,
            "Port3 usage ratio": 0.08918042227497322,
            "Port4 usage ratio": 0.04992655929523516,
            "Port5 usage ratio": 0.09641708289564106,
            "Port6 usage ratio": 0.13534560531625572,
            "Port7 usage ratio": 0.008618087338465046
        },
        "poly": {
            "Port0 usage ratio": 0.07979648372331685,
            "Port1 usage ratio": 0.0857484125018646,
            "Port2 usage ratio": 0.09021852782342303,
            "Port3 usage ratio": 0.08918042227497322,
            "Port4 usage ratio": 0.04992655929523516,
            "Port5 usage ratio": 0.09641708289564106,
            "Port6 usage ratio": 0.13534560531625572,
            "Port7 usage ratio": 0.008618087338465046
        }
    },
    "saturation": {
        "all_regions": {
            "DP [MFLOP/s]": 3.184315513318384e-07,
            "L2 bandwidth [MBytes/s]": 0.05400437484882926,
            "L3 bandwidth [MBytes/s]": 0.18412978225063203,
            "Memory bandwidth [MBytes/s]": 0.09091394090016876,
            "SP [MFLOP/s]": 0.0064900069032432775
        },
        "poly": {
            "DP [MFLOP/s]": 3.184315513318384e-07,
            "L2 bandwidth [MBytes/s]": 0.05400437484882926,
            "L3 bandwidth [MBytes/s]": 0.18412978225063203,
            "Memory bandwidth [MBytes/s]": 0.09091394090016876,
            "SP [MFLOP/s]": 0.0064900069032432775
        }
    }
}
